ID,PIN,Date,Period,Time
2,23155-CM-02,2025-12-21,-,18:36:21
5,23155-CM-05,2025-12-21,-,18:40:36
6,23155-CM-06,2025-12-22,-,11:15:34
7,23155-CM-07,2026-02-07,-,10:36:04
7,23155-CM-07,2026-02-07,-,10:57:44
7,23155-CM-07,2026-02-07,-,10:58:11
7,23155-CM-07,2026-02-07,-,11:03:18
8,23155-CM-08,2026-02-07,-,11:12:02
10,23155-CM-10,2026-02-08,-,11:49:38
11,23155-CM-11,2026-02-09,-,10:22:43
12,23155-CM-12,2026-02-09,-,10:23:50
11,23155-CM-11,2026-02-09,-,11:06:26
7,23155-CM-07,2026-02-09,-,11:06:33
7,23155-CM-07,2026-02-09,-,11:07:10
13,23155-CM-13,2026-02-09,-,11:27:13
13,23155-CM-13,2026-02-09,-,11:31:28
7,23155-CM-07,2026-02-09,-,11:31:38
10,23155-CM-10,2026-02-09,-,11:31:41
11,23155-CM-11,2026-02-09,-,11:31:59
13,23155-CM-13,2026-02-16,-,10:36:07
16,23155-CM-16,2026-02-16,-,10:56:08
16,23155-CM-16,2026-02-16,-,11:01:16
10,23155-CM-10,2026-02-27,-,14:48:36
7,23155-CM-07,2026-02-27,6,15:15:16
10,23155-CM-10,2026-02-27,6,15:17:09
7,23155-CM-07,2026-02-27,6,15:22:15
7,MR,2026-02-27,7,15:31:16
19,23155-CM-067,2026-03-02,1,07:25:16
20,23155-CM-045,2026-03-02,1,07:47:15
21,23155-CM-034,2026-03-02,3,11:55:35
22,23155-CM-040,2026-03-02,4,12:53:05
23,23155-CM-032,2026-03-02,4,13:19:58
24,23155-CM-035,2026-03-02,5,13:59:34
26,23155-CM-030,2026-03-06,3,11:44:01
26,23155-CM-030,2026-03-06,3,11:50:57
19,23155-CM-067,2026-03-06,3,11:50:59
19,23155-CM-067,2026-03-16,-,13:40:46
29,23155-CM-099,2026-03-31,1,07:08:39
